{
  "timestamp": "2025-11-11T06:41:40.452000",
  "protocol": "XML-RPC",
  "workflow_time": 0.027551651000976562,
  "mapreduce_time": 0.0029981136322021484,
  "userbehavior_time": 0.0019505023956298828,
  "recommendation_time": 0.0011756420135498047,
  "total_processing_time": 0.006124258041381836,
  "network_overhead": 0.021427392959594727,
  "summary": {
    "total_services": 3,
    "avg_service_time": 0.002041419347127279,
    "overhead_percentage": 77.77172031844928
  },
  "detailed_results": {
    "mapreduce": {
      "play_counts": {
        "Coldplay - S001": 2,
        "Taylor Swift - S004": 1,
        "Drake - S010": 2,
        "Imagine Dragons - S002": 1
      },
      "processing_time": 0.0029981136322021484
    },
    "userbehavior": {
      "user_stats": [
        {
          "user_id": "U001",
          "total_time": 420,
          "top_artist": "Coldplay"
        },
        {
          "user_id": "U002",
          "total_time": 430,
          "top_artist": "Taylor Swift"
        },
        {
          "user_id": "U003",
          "total_time": 250,
          "top_artist": "Drake"
        },
        {
          "user_id": "U004",
          "total_time": 200,
          "top_artist": "Imagine Dragons"
        }
      ],
      "top_users": [
        "U002",
        "U001",
        "U003",
        "U004"
      ],
      "processing_time": 0.0019505023956298828
    },
    "recommendation": {
      "trending_songs": [
        "Coldplay - S001",
        "Drake - S010",
        "Taylor Swift - S004",
        "Imagine Dragons - S002"
      ],
      "recommendations": {
        "U001": [
          "Drake - S010",
          "Taylor Swift - S004",
          "Imagine Dragons - S002"
        ],
        "U002": [
          "Coldplay - S001",
          "Drake - S010",
          "Imagine Dragons - S002"
        ],
        "U003": [
          "Coldplay - S001",
          "Taylor Swift - S004",
          "Imagine Dragons - S002"
        ],
        "U004": [
          "Coldplay - S001",
          "Drake - S010",
          "Taylor Swift - S004"
        ]
      },
      "processing_time": 0.0011756420135498047
    }
  }
}